video,ctx_rms_contrast,ctx_brightness,ctx_edge_content,ctx_optical_flow_magnitude,pred_4_cos_mean,pred_8_cos_mean,pred_12_cos_mean
iglo,0.5077009314393939,0.47302397575757577,0.13836443865740738,1.3579306352699392,0.45687145053030304,0.46637109856060605,0.4942598504545454
longclip_part42_bw,0.45196979524985637,0.4157945230327398,0.1166489935825091,1.2650879174169085,0.46197924150488223,0.465402308322803,0.48078962779437107
